"","Type_combination","count","average_rho_Lmax","sd_rho_Lmax"
"7","Metabolites → Community",31,0.737857615574309,0.110164205248587
"3","Community → Metabolites",31,0.704070718852852,0.125923824207842
"2","Community → Interaction",28,0.696909744710804,0.129933786909395
"4","Interaction → Community",24,0.652939444245133,0.160661457900828
"8","Metabolites → Interaction",52,0.637752817864965,0.126377444077902
"6","Interaction → Metabolites",50,0.527678850718165,0.130328023382975
"9","Metabolites → Metabolites",64,0.791017920065607,0.104005909281181
"1","Community → Community",16,0.856430771840698,0.112947262474262
"5","Interaction → Interaction",43,0.734711576044245,0.18607111214844
