"","Type_combination","count","average_rho_Lmax","sd_rho_Lmax"
"7","Metabolites → Community",31,0.738241130948196,0.109810427226902
"3","Community → Metabolites",31,0.701306886868788,0.127657610928056
"2","Community → Interaction",28,0.697133387026382,0.130095416456833
"4","Interaction → Community",24,0.653919846714467,0.159710244873795
"8","Metabolites → Interaction",52,0.637752817864965,0.126377444077902
"6","Interaction → Metabolites",50,0.527678850718165,0.130328023382975
"9","Metabolites → Metabolites",64,0.791017920065607,0.104005909281181
"1","Community → Community",16,0.855459011413625,0.11418708629805
"5","Interaction → Interaction",43,0.734711576044245,0.18607111214844
